model,R2,RMSE,MAE,Bias
Mechanistic only,0.9496458766502157,44.23554901752937,32.06832072423784,-31.663618910345658
AI only,0.9562688052225651,41.22394722548065,8.170306620340266,-1.0597631575791988
Hybrid mechanistic + AI residual,0.9973502831234798,10.147373312862706,6.7545536551524545,-0.13787833752330583
