,avoided_emissions,carbon_stock_gain,methane_penalty,reversal_exposure,leakage_exposure,implementation_disturbance
avoided_emissions,1.0,-0.15772106005111683,0.350848845597704,0.07599382554564046,-0.7978340213714246,-0.002648483560165126
carbon_stock_gain,-0.15772106005111683,1.0,-0.39585279514973915,-0.8250219584283887,0.35710285638875977,-0.8573510607891174
methane_penalty,0.350848845597704,-0.39585279514973915,1.0,0.29407507508048014,-0.3494774651972643,0.052506523816843044
reversal_exposure,0.07599382554564046,-0.8250219584283887,0.29407507508048014,1.0,-0.48996072390875733,0.5879996492815548
leakage_exposure,-0.7978340213714246,0.35710285638875977,-0.3494774651972643,-0.48996072390875733,1.0,-0.11932557256461762
implementation_disturbance,-0.002648483560165126,-0.8573510607891174,0.052506523816843044,0.5879996492815548,-0.11932557256461762,1.0
